analysis_split,condition,planned_cells,valid_episodes,diagnostic_errors,scientific_model_failures,provider_failures,rate_limit_failures,planned_cell_accuracy,valid_episode_accuracy,threshold_qualified_success_all_cells,threshold_success_valid_episodes,premature_diagnosis_all_cells,premature_diagnosis_valid_episodes,mean_experiments_all_cells,mean_experiments_valid_episodes,mean_regret_all_cells,mean_regret_valid_episodes,oracle_agreement_all_actions,oracle_agreement_valid_actions,false_structural_diagnosis_valid_rate,missed_structural_diagnosis_valid_rate,mean_autonomous_belief_l1_error_valid,planned_cell_accuracy_ci95_low,planned_cell_accuracy_ci95_high,valid_episode_accuracy_ci95_low,valid_episode_accuracy_ci95_high,threshold_qualified_success_all_cells_ci95_low,threshold_qualified_success_all_cells_ci95_high,premature_diagnosis_all_cells_ci95_low,premature_diagnosis_all_cells_ci95_high,scientific_model_failure_rate_ci95_low,scientific_model_failure_rate_ci95_high,threshold_success_valid_episodes_ci95_low,threshold_success_valid_episodes_ci95_high,premature_diagnosis_valid_episodes_ci95_low,premature_diagnosis_valid_episodes_ci95_high,scientific_model_failure_rate,provider_failure_rate_excluding_rate_limits,rate_limit_failure_rate
PILOT,FULL_AUTONOMOUS,8,8,0,0,0,0,1.0,1.0,0.125,0.125,0.875,0.875,2.875,2.875,0.23181864996879914,0.23181864996879914,0.6086956521739131,0.6086956521739131,0,0,0.33141006152575947,0.6755924351161198,1.0,0.6755924351161198,1.0,0.02241749145005667,0.4708881822128535,0.5291118177871464,0.9775825085499433,0.0,0.32440756488388023,0.02241749145005667,0.4708881822128535,0.5291118177871464,0.9775825085499433,0.0,0.0,0.0
PILOT,PLANNER_ONLY,8,8,0,0,0,0,1.0,1.0,0.125,0.125,0.875,0.875,2.375,2.375,0.048514750082989944,0.048514750082989944,0.6842105263157895,0.6842105263157895,0,0,,0.6755924351161198,1.0,0.6755924351161198,1.0,0.02241749145005667,0.4708881822128535,0.5291118177871464,0.9775825085499433,0.0,0.32440756488388023,0.02241749145005667,0.4708881822128535,0.5291118177871464,0.9775825085499433,0.0,0.0,0.0
PILOT,THRESHOLD_AWARE_AUTONOMOUS,8,8,0,0,0,0,1.0,1.0,0.375,0.375,0.625,0.625,3.125,3.125,0.15335084396866827,0.15335084396866827,0.72,0.72,0,0,0.33563996113963346,0.6755924351161198,1.0,0.6755924351161198,1.0,0.13684428582359742,0.6942576053973727,0.30574239460262737,0.8631557141764026,0.0,0.32440756488388023,0.13684428582359742,0.6942576053973727,0.30574239460262737,0.8631557141764026,0.0,0.0,0.0
REPLICATION,FULL_AUTONOMOUS,32,32,8,0,0,0,0.75,0.75,0.0625,0.0625,0.9375,0.9375,2.4375,2.4375,0.1522669785025594,0.1522669785025594,0.6410256410256411,0.6410256410256411,0.125,0,0.3762164344075916,0.5789344100575552,0.8674759908149096,0.5789344100575552,0.8674759908149096,0.017310567031640967,0.2014712314415458,0.7985287685584542,0.982689432968359,0.0,0.1071791982550706,0.017310567031640967,0.2014712314415458,0.7985287685584542,0.982689432968359,0.0,0.0,0.0
REPLICATION,PLANNER_ONLY,32,32,5,0,0,0,0.84375,0.84375,0.09375,0.09375,0.90625,0.90625,2.71875,2.71875,0.08915286735341668,0.08915286735341668,0.7126436781609196,0.7126436781609196,0.125,0.041666666666666664,,0.682458504024696,0.9313557971749429,0.682458504024696,0.9313557971749429,0.032401551298366194,0.24218154728387864,0.7578184527161212,0.9675984487016337,0.0,0.1071791982550706,0.032401551298366194,0.24218154728387864,0.7578184527161212,0.9675984487016337,0.0,0.0,0.0
REPLICATION,THRESHOLD_AWARE_AUTONOMOUS,32,29,5,3,0,0,0.75,0.8275862068965517,0.15625,0.1724137931034483,0.75,0.8275862068965517,3.1875,3.1379310344827585,0.1506988777396682,0.14859722567501085,0.6372549019607843,0.6153846153846154,0,0.09523809523809523,0.39269506270330845,0.5789344100575552,0.8674759908149096,0.6545156010980476,0.9240214274710877,0.0686442028250571,0.3175414959753039,0.5789344100575552,0.8674759908149096,0.032401551298366194,0.24218154728387864,0.07597857252891227,0.34548439890195237,0.6545156010980476,0.9240214274710877,0.09375,0.0,0.0
COMBINED,FULL_AUTONOMOUS,40,40,8,0,0,0,0.8,0.8,0.075,0.075,0.925,0.925,2.525,2.525,0.16817731279580733,0.16817731279580733,0.6336633663366337,0.6336633663366337,0.1,0,0.3672551598312252,0.652426936536005,0.895000102745623,0.652426936536005,0.895000102745623,0.025836025774588198,0.19864233524310543,0.8013576647568946,0.9741639742254119,0.0,0.08762160119728664,0.025836025774588198,0.19864233524310543,0.8013576647568946,0.9741639742254119,0.0,0.0,0.0
COMBINED,PLANNER_ONLY,40,40,5,0,0,0,0.875,0.875,0.1,0.1,0.9,0.9,2.65,2.65,0.08102524389933134,0.08102524389933134,0.7075471698113207,0.7075471698113207,0.1,0.03333333333333333,,0.738878801611489,0.945404997490546,0.738878801611489,0.945404997490546,0.03957952868260638,0.23051775227522298,0.7694822477247771,0.9604204713173936,0.0,0.08762160119728664,0.03957952868260638,0.23051775227522298,0.7694822477247771,0.9604204713173936,0.0,0.0,0.0
COMBINED,THRESHOLD_AWARE_AUTONOMOUS,40,37,5,3,0,0,0.8,0.8648648648648649,0.2,0.21621621621621623,0.725,0.7837837837837838,3.175,3.135135135135135,0.1512292709854682,0.14962503503580166,0.6535433070866141,0.6379310344827587,0,0.07407407407407407,0.38035882452737874,0.652426936536005,0.895000102745623,0.7202258821599021,0.9408670557426799,0.10499989725437704,0.347573063463995,0.5716504419378943,0.8389198375233267,0.025836025774588198,0.19864233524310543,0.11386511993385592,0.3719514839196916,0.6280485160803084,0.8861348800661442,0.075,0.0,0.0
